{"cameraMode":{"drawMode":0,"name":"Shaded","section":"Shading Mode"},"sceneLighting":true,"audioPlay":false,"sceneViewState":{"m_AlwaysRefresh":false,"showFog":true,"showSkybox":false,"showFlares":true,"showImageEffects":true,"showParticleSystems":true,"showVisualEffectGraphs":true,"m_FxEnabled":true},"in2DMode":false,"pivot":{"x":-0.9023294448852539,"y":13.481491088867188,"z":1.1728782653808594},"rotation":{"x":-0.11143900454044342,"y":-0.8416098356246948,"z":0.19027051329612733,"w":-0.49321356415748598},"size":7.274613380432129,"orthographic":false}