{"cameraMode":{"drawMode":0,"name":"Shaded","section":"Shading Mode"},"sceneLighting":true,"audioPlay":false,"sceneViewState":{"m_AlwaysRefresh":false,"showFog":true,"showSkybox":true,"showFlares":true,"showImageEffects":true,"showParticleSystems":true,"showVisualEffectGraphs":true,"m_FxEnabled":true},"in2DMode":false,"pivot":{"x":166.63006591796876,"y":212.25137329101563,"z":-141.50823974609376},"rotation":{"x":0.06868712604045868,"y":0.08909037709236145,"z":-0.006008006166666746,"w":0.99371737241745},"size":66.70832061767578,"orthographic":false}