{"cameraMode":{"drawMode":0,"name":"Shaded","section":"Shading Mode"},"sceneLighting":true,"audioPlay":false,"sceneViewState":{"m_AlwaysRefresh":false,"showFog":true,"showSkybox":true,"showFlares":true,"showImageEffects":true,"showParticleSystems":true,"showVisualEffectGraphs":true,"m_FxEnabled":true},"in2DMode":false,"pivot":{"x":-1.3788912296295167,"y":1.2962549924850464,"z":3.651338815689087},"rotation":{"x":0.15420979261398316,"y":0.0006623089429922402,"z":-0.00006339573883451521,"w":0.9881628751754761},"size":2.705238103866577,"orthographic":false}