{"cameraMode":{"drawMode":0,"name":"Shaded","section":"Shading Mode"},"sceneLighting":true,"audioPlay":false,"sceneViewState":{"m_AlwaysRefresh":false,"showFog":true,"showSkybox":true,"showFlares":true,"showImageEffects":true,"showParticleSystems":true,"showVisualEffectGraphs":true,"m_FxEnabled":true},"in2DMode":false,"pivot":{"x":-1.5695867538452149,"y":1.757415771484375,"z":2.969705104827881},"rotation":{"x":0.011984705924987793,"y":-0.41847020387649538,"z":-0.005515357945114374,"w":-0.908254861831665},"size":0.8660253882408142,"orthographic":false}